,open_time,open,high,low,close,volume,close_time
0,2017-08-17 00:00:00.000,4261.48,4485.39,4200.74,4285.08,795.150377,2017-08-17 23:59:59.999
1,2017-08-18 00:00:00.000,4285.08,4371.52,3938.77,4108.37,1199.888264,2017-08-18 23:59:59.999
2,2017-08-19 00:00:00.000,4108.37,4184.69,3850.0,4139.98,381.309763,2017-08-19 23:59:59.999
3,2017-08-20 00:00:00.000,4120.98,4211.08,4032.62,4086.29,467.083022,2017-08-20 23:59:59.999
4,2017-08-21 00:00:00.000,4069.13,4119.62,3911.79,4016.0,691.74306,2017-08-21 23:59:59.999
5,2017-08-22 00:00:00.000,4016.0,4104.82,3400.0,4040.0,966.684858,2017-08-22 23:59:59.999
6,2017-08-23 00:00:00.000,4040.0,4265.8,4013.89,4114.01,1001.136565,2017-08-23 23:59:59.999
7,2017-08-24 00:00:00.000,4147.0,4371.68,4085.01,4316.01,787.418753,2017-08-24 23:59:59.999
8,2017-08-25 00:00:00.000,4316.01,4453.91,4247.48,4280.68,573.61274,2017-08-25 23:59:59.999
9,2017-08-26 00:00:00.000,4280.71,4367.0,4212.41,4337.44,228.108068,2017-08-26 23:59:59.999
10,2017-08-27 00:00:00.000,4332.51,4400.0,4285.54,4310.01,350.692585,2017-08-27 23:59:59.999
11,2017-08-28 00:00:00.000,4310.01,4399.82,4124.54,4386.69,603.841616,2017-08-28 23:59:59.999
12,2017-08-29 00:00:00.000,4353.65,4625.85,4313.55,4587.48,603.545028,2017-08-29 23:59:59.999
13,2017-08-30 00:00:00.000,4564.52,4647.51,4416.01,4555.14,808.468771,2017-08-30 23:59:59.999
14,2017-08-31 00:00:00.000,4555.14,4745.42,4555.14,4724.89,556.956802,2017-08-31 23:59:59.999
15,2017-09-01 00:00:00.000,4689.89,4885.55,4654.88,4834.91,560.666366,2017-09-01 23:59:59.999
16,2017-09-02 00:00:00.000,4796.16,4939.19,4286.87,4472.14,929.148595,2017-09-02 23:59:59.999
17,2017-09-03 00:00:00.000,4508.5,4714.76,4298.33,4509.08,691.216198,2017-09-03 23:59:59.999
18,2017-09-04 00:00:00.000,4505.0,4527.49,3972.51,4100.11,1394.644614,2017-09-04 23:59:59.999
19,2017-09-05 00:00:00.000,4106.97,4484.99,3603.0,4366.47,1228.938157,2017-09-05 23:59:59.999
20,2017-09-06 00:00:00.000,4366.49,4662.87,4335.26,4619.77,807.363726,2017-09-06 23:59:59.999
21,2017-09-07 00:00:00.000,4619.77,4788.59,4438.19,4691.61,500.429975,2017-09-07 23:59:59.999
22,2017-09-08 00:00:00.000,4691.66,4735.39,4028.93,4282.8,1132.255046,2017-09-08 23:59:59.999
23,2017-09-09 00:00:00.000,4282.8,4426.62,4150.06,4258.81,658.782952,2017-09-09 23:59:59.999
24,2017-09-10 00:00:00.000,4258.81,4283.0,3801.0,4130.37,660.373275,2017-09-10 23:59:59.999
25,2017-09-11 00:00:00.000,4153.62,4334.43,4098.91,4208.47,699.989065,2017-09-11 23:59:59.999
26,2017-09-12 00:00:00.000,4208.6,4394.59,4040.8,4163.72,879.630319,2017-09-12 23:59:59.999
27,2017-09-13 00:00:00.000,4159.72,4165.38,3760.0,3944.69,913.462545,2017-09-13 23:59:59.999
28,2017-09-14 00:00:00.000,3944.0,3993.0,3165.13,3189.02,1665.021543,2017-09-14 23:59:59.999
29,2017-09-15 00:00:00.000,3188.01,3856.0,2817.0,3700.0,1968.866492,2017-09-15 23:59:59.999
30,2017-09-16 00:00:00.000,3674.01,3950.0,3470.66,3714.95,1297.563953,2017-09-16 23:59:59.999
31,2017-09-17 00:00:00.000,3685.23,3748.21,3499.02,3699.99,682.17121,2017-09-17 23:59:59.999
32,2017-09-18 00:00:00.000,3690.0,4123.2,3690.0,4035.01,1030.006455,2017-09-18 23:59:59.999
33,2017-09-19 00:00:00.000,4060.0,4089.97,3830.91,3910.04,902.332129,2017-09-19 23:59:59.999
34,2017-09-20 00:00:00.000,3910.04,4046.08,3820.0,3900.0,720.935076,2017-09-20 23:59:59.999
35,2017-09-21 00:00:00.000,3889.99,3910.0,3567.0,3609.99,1001.654084,2017-09-21 23:59:59.999
36,2017-09-22 00:00:00.000,3592.84,3750.0,3505.55,3595.87,838.966425,2017-09-22 23:59:59.999
37,2017-09-23 00:00:00.000,3595.88,3817.19,3542.91,3780.0,752.792791,2017-09-23 23:59:59.999
38,2017-09-24 00:00:00.000,3779.54,3789.99,3622.76,3660.02,661.63639,2017-09-24 23:59:59.999
39,2017-09-25 00:00:00.000,3660.02,3979.87,3653.69,3920.75,727.994713,2017-09-25 23:59:59.999
40,2017-09-26 00:00:00.000,3928.0,3976.99,3850.05,3882.35,526.727987,2017-09-26 23:59:59.999
41,2017-09-27 00:00:00.000,3882.36,4249.94,3872.81,4193.0,628.170966,2017-09-27 23:59:59.999
42,2017-09-28 00:00:00.000,4192.11,4300.0,4101.0,4174.5,849.785325,2017-09-28 23:59:59.999
43,2017-09-29 00:00:00.000,4178.98,4263.86,3952.01,4174.69,1602.309565,2017-09-29 23:59:59.999
44,2017-09-30 00:00:00.000,4175.0,4380.0,4138.1,4378.51,720.353183,2017-09-30 23:59:59.999
45,2017-10-01 00:00:00.000,4378.49,4406.52,4240.04,4378.48,726.963685,2017-10-01 23:59:59.999
46,2017-10-02 00:00:00.000,4400.0,4561.63,4360.0,4380.0,655.756974,2017-10-02 23:59:59.999
47,2017-10-03 00:00:00.000,4380.0,4467.33,4180.8,4310.0,1082.323563,2017-10-03 23:59:59.999
48,2017-10-04 00:00:00.000,4314.9,4373.0,4142.0,4208.59,868.465101,2017-10-04 23:59:59.999
49,2017-10-05 00:00:00.000,4208.59,4355.0,4110.0,4292.43,779.138638,2017-10-05 23:59:59.999
50,2017-10-06 00:00:00.000,4318.99,4417.0,4292.0,4369.0,506.529176,2017-10-06 23:59:59.999
51,2017-10-07 00:00:00.000,4369.0,4479.5,4312.56,4423.0,297.5975,2017-10-07 23:59:59.999
52,2017-10-08 00:00:00.000,4425.0,4658.0,4425.0,4640.0,518.462004,2017-10-08 23:59:59.999
53,2017-10-09 00:00:00.000,4640.0,4889.98,4550.0,4786.95,646.463145,2017-10-09 23:59:59.999
54,2017-10-10 00:00:00.000,4786.95,4960.0,4680.59,4783.06,1043.221773,2017-10-10 23:59:59.999
55,2017-10-11 00:00:00.000,4783.06,4881.61,4710.0,4821.43,753.429396,2017-10-11 23:59:59.999
56,2017-10-12 00:00:00.000,4821.43,5439.99,4810.16,5430.0,1276.701482,2017-10-12 23:59:59.999
57,2017-10-13 00:00:00.000,5439.99,5846.17,5379.84,5649.98,1879.82762,2017-10-13 23:59:59.999
58,2017-10-14 00:00:00.000,5650.0,5900.0,5580.01,5869.99,970.759046,2017-10-14 23:59:59.999
59,2017-10-15 00:00:00.000,5855.03,5922.3,5400.01,5709.99,1343.523375,2017-10-15 23:59:59.999
60,2017-10-16 00:00:00.000,5710.0,5788.91,5585.19,5760.02,1528.996462,2017-10-16 23:59:59.999
61,2017-10-17 00:00:00.000,5760.0,5774.98,5508.63,5595.0,1429.869376,2017-10-17 23:59:59.999
62,2017-10-18 00:00:00.000,5595.0,5596.0,5037.95,5512.06,2317.804373,2017-10-18 23:59:59.999
63,2017-10-19 00:00:00.000,5513.0,5710.0,5490.26,5683.9,1881.722107,2017-10-19 23:59:59.999
64,2017-10-20 00:00:00.000,5683.31,6110.0,5600.0,6010.01,1972.97722,2017-10-20 23:59:59.999
65,2017-10-21 00:00:00.000,6013.72,6171.0,5850.03,6024.97,1664.307693,2017-10-21 23:59:59.999
66,2017-10-22 00:00:00.000,6003.27,6060.0,5720.03,5950.02,1362.092216,2017-10-22 23:59:59.999
67,2017-10-23 00:00:00.000,5975.0,6080.0,5621.03,5915.93,1812.557715,2017-10-23 23:59:59.999
68,2017-10-24 00:00:00.000,5909.47,5925.0,5450.0,5477.03,2580.418767,2017-10-24 23:59:59.999
69,2017-10-25 00:00:00.000,5506.92,5704.96,5286.98,5689.99,2282.813205,2017-10-25 23:59:59.999
70,2017-10-26 00:00:00.000,5670.1,5939.99,5650.0,5861.77,1972.965882,2017-10-26 23:59:59.999
71,2017-10-27 00:00:00.000,5861.77,5980.0,5649.24,5768.83,1403.706416,2017-10-27 23:59:59.999
72,2017-10-28 00:00:00.000,5768.79,5850.02,5630.03,5719.64,1276.754412,2017-10-28 23:59:59.999
73,2017-10-29 00:00:00.000,5709.98,6189.88,5648.01,6169.98,1804.778173,2017-10-29 23:59:59.999
74,2017-10-30 00:00:00.000,6133.01,6248.68,6030.0,6120.5,1473.687043,2017-10-30 23:59:59.999
75,2017-10-31 00:00:00.000,6120.52,6498.01,6100.0,6463.0,1511.774925,2017-10-31 23:59:59.999
76,2017-11-01 00:00:00.000,6463.0,6774.67,6338.02,6753.98,1675.615188,2017-11-01 23:59:59.999
77,2017-11-02 00:00:00.000,6753.98,7300.0,6685.1,7019.98,2503.610803,2017-11-02 23:59:59.999
78,2017-11-03 00:00:00.000,7010.31,7346.34,6923.0,7115.04,1891.497592,2017-11-03 23:59:59.999
79,2017-11-04 00:00:00.000,7115.02,7480.99,6901.0,7357.09,1399.191767,2017-11-04 23:59:59.999
80,2017-11-05 00:00:00.000,7357.27,7590.25,7279.02,7345.01,1207.83233,2017-11-05 23:59:59.999
81,2017-11-06 00:00:00.000,7345.1,7401.0,6906.0,6960.12,1763.019261,2017-11-06 23:59:59.999
82,2017-11-07 00:00:00.000,6981.72,7198.49,6901.0,7064.04,1440.259494,2017-11-07 23:59:59.999
83,2017-11-08 00:00:00.000,7070.0,7770.02,6651.0,7303.0,2822.298802,2017-11-08 23:59:59.999
84,2017-11-09 00:00:00.000,7303.01,7392.0,7015.0,7079.99,1913.398308,2017-11-09 23:59:59.999
85,2017-11-10 00:00:00.000,7079.0,7279.91,6255.01,6506.98,3254.704105,2017-11-10 23:59:59.999
86,2017-11-11 00:00:00.000,6503.0,6797.98,6100.0,6245.05,2754.156861,2017-11-11 23:59:59.999
87,2017-11-12 00:00:00.000,6245.05,6630.0,5325.01,5811.03,4968.483069,2017-11-12 23:59:59.999
88,2017-11-13 00:00:00.000,5839.94,6697.47,5699.99,6465.99,2621.243039,2017-11-13 23:59:59.999
89,2017-11-14 00:00:00.000,6465.99,6684.98,6311.07,6574.99,1254.292531,2017-11-14 23:59:59.999
90,2017-11-15 00:00:00.000,6575.99,7298.0,6575.99,7240.06,1779.605845,2017-11-15 23:59:59.999
91,2017-11-16 00:00:00.000,7240.14,7940.0,7076.0,7864.5,2331.95675,2017-11-16 23:59:59.999
92,2017-11-17 00:00:00.000,7876.98,7989.0,7451.0,7699.19,3982.395925,2017-11-17 23:59:59.999
93,2017-11-18 00:00:00.000,7680.01,7819.99,7422.0,7761.94,3954.266477,2017-11-18 23:59:59.999
94,2017-11-19 00:00:00.000,7761.94,8123.15,7650.33,8038.0,3867.340444,2017-11-19 23:59:59.999
95,2017-11-20 00:00:00.000,8057.11,8319.99,7954.0,8212.0,3886.634348,2017-11-20 23:59:59.999
96,2017-11-21 00:00:00.000,8212.49,8400.0,7801.0,8119.51,4544.474016,2017-11-21 23:59:59.999
97,2017-11-22 00:00:00.000,8091.09,8322.68,8091.09,8205.92,3545.00571,2017-11-22 23:59:59.999
98,2017-11-23 00:00:00.000,8233.03,8260.0,8000.0,8019.99,4093.952687,2017-11-23 23:59:59.999
99,2017-11-24 00:00:00.000,8019.97,8369.0,7850.0,8138.0,4411.789112,2017-11-24 23:59:59.999
100,2017-11-25 00:00:00.000,8138.99,8734.78,8090.0,8700.01,4292.623682,2017-11-25 23:59:59.999
101,2017-11-26 00:00:00.000,8700.04,9350.0,8604.72,9128.02,4147.380237,2017-11-26 23:59:59.999
102,2017-11-27 00:00:00.000,9128.0,9654.28,9112.04,9650.0,4521.625707,2017-11-27 23:59:59.999
103,2017-11-28 00:00:00.000,9650.0,9939.0,9570.5,9896.8,4917.210985,2017-11-28 23:59:59.999
104,2017-11-29 00:00:00.000,9896.79,11300.03,8520.0,9687.88,13352.538715,2017-11-29 23:59:59.999
105,2017-11-30 00:00:00.000,9687.88,10900.0,8850.8,9838.96,9389.574329,2017-11-30 23:59:59.999
106,2017-12-01 00:00:00.000,9837.0,10898.0,9380.0,10782.99,6134.923633,2017-12-01 23:59:59.999
107,2017-12-02 00:00:00.000,10775.04,11190.0,10620.0,10890.01,4765.439757,2017-12-02 23:59:59.999
108,2017-12-03 00:00:00.000,10902.69,11825.0,10500.0,11165.41,5346.636524,2017-12-03 23:59:59.999
109,2017-12-04 00:00:00.000,11165.41,11600.0,10802.0,11579.0,4663.424562,2017-12-04 23:59:59.999
110,2017-12-05 00:00:00.000,11571.03,11853.0,11447.68,11699.99,5550.732055,2017-12-05 23:59:59.999
111,2017-12-06 00:00:00.000,11699.99,13615.23,11665.58,13550.05,6707.946319,2017-12-06 23:59:59.999
112,2017-12-07 00:00:00.000,13541.01,16649.96,13050.0,16599.0,7487.065695,2017-12-07 23:59:59.999
113,2017-12-08 00:00:00.000,16599.0,17204.99,14015.0,15880.0,17589.013136,2017-12-08 23:59:59.999
114,2017-12-09 00:00:00.000,15880.01,16269.3,12535.0,14656.07,13918.758687,2017-12-09 23:59:59.999
115,2017-12-10 00:00:00.000,14664.01,15720.12,12368.0,14899.98,16553.037173,2017-12-10 23:59:59.999
116,2017-12-11 00:00:00.000,14946.26,17470.0,14901.08,16587.97,11820.401762,2017-12-11 23:59:59.999
117,2017-12-12 00:00:00.000,16587.97,16976.45,15875.0,16349.99,9436.802411,2017-12-12 23:59:59.999
118,2017-12-13 00:00:00.000,16349.99,16546.0,14666.56,16033.29,12416.328801,2017-12-13 23:59:59.999
119,2017-12-14 00:00:00.000,16030.34,16445.0,15450.0,16334.98,11616.867151,2017-12-14 23:59:59.999
120,2017-12-15 00:00:00.000,16334.98,17991.0,16298.45,17539.83,9181.273947,2017-12-15 23:59:59.999
121,2017-12-16 00:00:00.000,17516.81,19539.0,17190.01,19102.66,4202.628709,2017-12-16 23:59:59.999
122,2017-12-17 00:00:00.000,19120.19,19798.68,18510.0,18860.02,9177.183434,2017-12-17 23:59:59.999
123,2017-12-18 00:00:00.000,18860.04,19300.0,17029.98,18856.25,10624.633071,2017-12-18 23:59:59.999
124,2017-12-19 00:00:00.000,18856.25,18950.0,16300.0,17295.2,13210.74822,2017-12-19 23:59:59.999
125,2017-12-20 00:00:00.000,17295.2,17720.35,14777.66,16488.98,13450.496693,2017-12-20 23:59:59.999
126,2017-12-21 00:00:00.000,16480.52,17309.5,14022.0,15492.64,20324.2173,2017-12-21 23:59:59.999
127,2017-12-22 00:00:00.000,15514.03,15699.34,10961.0,13326.61,36076.271175,2017-12-22 23:59:59.999
128,2017-12-23 00:00:00.000,13326.61,14950.0,12978.18,13300.0,13141.538875,2017-12-23 23:59:59.999
129,2017-12-24 00:00:00.000,13300.0,13819.99,11640.0,13500.0,28557.534988,2017-12-24 23:59:59.999
130,2017-12-25 00:00:00.000,13500.0,14300.0,12708.0,13699.34,15748.207607,2017-12-25 23:59:59.999
131,2017-12-26 00:00:00.000,13699.34,16050.0,13533.0,15689.01,15034.668104,2017-12-26 23:59:59.999
132,2017-12-27 00:00:00.000,15709.98,16498.05,14200.15,15459.99,14959.864723,2017-12-27 23:59:59.999
133,2017-12-28 00:00:00.000,15459.97,15539.99,13150.0,14182.11,21717.858014,2017-12-28 23:59:59.999
134,2017-12-29 00:00:00.000,14199.14,14981.0,13850.0,14378.9,18072.008116,2017-12-29 23:59:59.999
135,2017-12-30 00:00:00.000,14378.99,14398.85,11750.0,12440.01,19221.158039,2017-12-30 23:59:59.999
136,2017-12-31 00:00:00.000,12345.1,14050.11,12149.98,13716.36,11768.989718,2017-12-31 23:59:59.999
137,2018-01-01 00:00:00.000,13715.65,13818.55,12750.0,13380.0,8609.915844,2018-01-01 23:59:59.999
138,2018-01-02 00:00:00.000,13382.16,15473.49,12890.02,14675.11,20078.092111,2018-01-02 23:59:59.999
139,2018-01-03 00:00:00.000,14690.0,15307.56,14150.0,14919.51,15905.667639,2018-01-03 23:59:59.999
140,2018-01-04 00:00:00.000,14919.51,15280.0,13918.04,15059.54,21329.649574,2018-01-04 23:59:59.999
141,2018-01-05 00:00:00.000,15059.56,17176.24,14600.0,16960.39,23251.491125,2018-01-05 23:59:59.999
142,2018-01-06 00:00:00.000,16960.39,17143.13,16011.21,17069.79,18571.457508,2018-01-06 23:59:59.999
143,2018-01-07 00:00:00.000,17069.79,17099.96,15610.0,16150.03,12493.125558,2018-01-07 23:59:59.999
144,2018-01-08 00:00:00.000,16218.85,16322.3,12812.0,14902.54,26600.609912,2018-01-08 23:59:59.999
145,2018-01-09 00:00:00.000,14902.54,15500.0,14011.05,14400.0,14315.004253,2018-01-09 23:59:59.999
146,2018-01-10 00:00:00.000,14401.0,14955.66,13131.31,14907.09,17411.001655,2018-01-10 23:59:59.999
147,2018-01-11 00:00:00.000,14940.0,14968.68,11400.0,13238.78,33554.723751,2018-01-11 23:59:59.999
148,2018-01-12 00:00:00.000,13238.76,14109.78,12500.0,13740.01,16417.162137,2018-01-12 23:59:59.999
149,2018-01-13 00:00:00.000,13749.95,14580.0,13706.15,14210.0,12221.508528,2018-01-13 23:59:59.999
150,2018-01-14 00:00:00.000,14210.0,14339.5,12569.2,13474.99,17017.894329,2018-01-14 23:59:59.999
151,2018-01-15 00:00:00.000,13477.98,14249.99,13147.79,13539.93,14652.094705,2018-01-15 23:59:59.999
152,2018-01-16 00:00:00.000,13500.0,13542.93,9035.0,10900.0,63401.169175,2018-01-16 23:59:59.999
153,2018-01-17 00:00:00.000,10899.99,11680.99,9037.94,10988.79,72331.796646,2018-01-17 23:59:59.999
154,2018-01-18 00:00:00.000,10972.59,11878.82,10435.33,10961.97,48464.434937,2018-01-18 23:59:59.999
155,2018-01-19 00:00:00.000,10960.0,11795.0,10360.0,11474.98,34129.375421,2018-01-19 23:59:59.999
156,2018-01-20 00:00:00.000,11474.98,13099.0,11412.45,12799.94,28768.857827,2018-01-20 23:59:59.999
157,2018-01-21 00:00:00.000,12799.8,12799.8,10965.0,11530.0,41379.773426,2018-01-21 23:59:59.999
158,2018-01-22 00:00:00.000,11530.0,11926.35,9900.24,10760.05,43752.606791,2018-01-22 23:59:59.999
159,2018-01-23 00:00:00.000,10760.05,11399.0,9905.0,10799.18,37473.922552,2018-01-23 23:59:59.999
160,2018-01-24 00:00:00.000,10799.14,11570.48,10500.0,11349.99,27158.587762,2018-01-24 23:59:59.999
161,2018-01-25 00:00:00.000,11349.96,11794.05,10950.21,11175.27,20839.954183,2018-01-25 23:59:59.999
162,2018-01-26 00:00:00.000,11184.7,11643.0,10311.15,11089.0,33056.87196,2018-01-26 23:59:59.999
163,2018-01-27 00:00:00.000,11089.0,11650.0,10842.69,11491.0,18860.768345,2018-01-27 23:59:59.999
164,2018-01-28 00:00:00.000,11499.98,12244.0,11408.0,11879.95,16887.339524,2018-01-28 23:59:59.999
165,2018-01-29 00:00:00.000,11879.95,11975.02,11139.55,11251.0,14170.377538,2018-01-29 23:59:59.999
166,2018-01-30 00:00:00.000,11250.11,11308.42,9900.0,10237.51,25554.372946,2018-01-30 23:59:59.999
167,2018-01-31 00:00:00.000,10230.0,10425.85,9700.0,10285.1,18015.956805,2018-01-31 23:59:59.999
168,2018-02-01 00:00:00.000,10285.1,10335.0,8750.99,9224.52,33564.764311,2018-02-01 23:59:59.999
169,2018-02-02 00:00:00.000,9224.52,9250.0,8010.02,8873.03,49971.626975,2018-02-02 23:59:59.999
170,2018-02-03 00:00:00.000,8873.03,9473.01,8229.0,9199.96,28725.000735,2018-02-03 23:59:59.999
171,2018-02-04 00:00:00.000,9199.96,9368.0,7930.0,8184.81,32014.308449,2018-02-04 23:59:59.999
172,2018-02-05 00:00:00.000,8179.99,8382.8,6625.0,6939.99,63403.182579,2018-02-05 23:59:59.999
173,2018-02-06 00:00:00.000,6939.63,7878.0,6000.01,7652.14,100201.500307,2018-02-06 23:59:59.999
174,2018-02-07 00:00:00.000,7655.02,8476.0,7150.01,7599.0,60778.460497,2018-02-07 23:59:59.999
175,2018-02-08 00:00:00.000,7599.0,7844.0,7572.09,7784.02,1521.537318,2018-02-08 23:59:59.999
176,2018-02-09 00:00:00.000,7789.9,8738.0,7789.9,8683.92,20482.910825,2018-02-09 23:59:59.999
177,2018-02-10 00:00:00.000,8683.93,9065.78,8120.0,8533.98,49381.512653,2018-02-10 23:59:59.999
178,2018-02-11 00:00:00.000,8533.99,8549.0,7726.53,8063.88,45025.187952,2018-02-11 23:59:59.999
179,2018-02-12 00:00:00.000,8063.82,8989.0,8053.0,8903.0,41987.85049,2018-02-12 23:59:59.999
180,2018-02-13 00:00:00.000,8903.0,8950.0,8351.0,8539.9,35454.972956,2018-02-13 23:59:59.999
181,2018-02-14 00:00:00.000,8535.17,9489.6,8533.0,9449.99,40811.952867,2018-02-14 23:59:59.999
182,2018-02-15 00:00:00.000,9449.98,10219.5,9301.5,10000.09,52427.596715,2018-02-15 23:59:59.999
183,2018-02-16 00:00:00.000,10000.89,10323.37,9666.0,10159.98,38161.205974,2018-02-16 23:59:59.999
184,2018-02-17 00:00:00.000,10156.07,11075.07,10050.0,11039.55,41882.108407,2018-02-17 23:59:59.999
185,2018-02-18 00:00:00.000,11039.55,11274.0,10080.0,10383.43,61137.380728,2018-02-18 23:59:59.999
186,2018-02-19 00:00:00.000,10375.01,11250.0,10270.33,11153.0,40831.417131,2018-02-19 23:59:59.999
187,2018-02-20 00:00:00.000,11147.11,11786.01,11100.59,11200.99,48153.354288,2018-02-20 23:59:59.999
188,2018-02-21 00:00:00.000,11195.07,11304.03,10200.0,10437.6,68113.818754,2018-02-21 23:59:59.999
189,2018-02-22 00:00:00.000,10439.02,10933.44,9679.0,9811.04,67060.166483,2018-02-22 23:59:59.999
190,2018-02-23 00:00:00.000,9815.55,10435.0,9570.19,10131.04,57202.70237,2018-02-23 23:59:59.999
191,2018-02-24 00:00:00.000,10131.04,10496.97,9352.0,9694.51,40888.156299,2018-02-24 23:59:59.999
192,2018-02-25 00:00:00.000,9694.51,9847.0,9274.8,9590.0,28373.517586,2018-02-25 23:59:59.999
193,2018-02-26 00:00:00.000,9590.0,10444.32,9350.0,10324.0,34878.292756,2018-02-26 23:59:59.999
194,2018-02-27 00:00:00.000,10321.0,10870.0,10121.0,10569.04,30705.385123,2018-02-27 23:59:59.999
195,2018-02-28 00:00:00.000,10584.33,11098.0,10300.0,10326.76,30800.983782,2018-02-28 23:59:59.999
196,2018-03-01 00:00:00.000,10325.64,11060.41,10240.0,10920.0,25092.55393,2018-03-01 23:59:59.999
197,2018-03-02 00:00:00.000,10923.36,11200.0,10770.0,11039.0,23910.71009,2018-03-02 23:59:59.999
198,2018-03-03 00:00:00.000,11038.99,11544.0,11015.01,11464.48,21287.15328,2018-03-03 23:59:59.999
199,2018-03-04 00:00:00.000,11464.47,11565.0,11050.02,11515.0,17295.918653,2018-03-04 23:59:59.999
200,2018-03-05 00:00:00.000,11515.0,11710.0,11415.01,11454.0,15144.231063,2018-03-05 23:59:59.999
201,2018-03-06 00:00:00.000,11455.0,11455.0,10555.48,10716.48,29515.572363,2018-03-06 23:59:59.999
202,2018-03-07 00:00:00.000,10716.48,10899.0,9389.31,9910.0,50647.67108,2018-03-07 23:59:59.999
203,2018-03-08 00:00:00.000,9910.0,10099.0,9060.0,9271.64,41109.473226,2018-03-08 23:59:59.999
204,2018-03-09 00:00:00.000,9267.07,9410.0,8329.0,9227.0,64112.291407,2018-03-09 23:59:59.999
205,2018-03-10 00:00:00.000,9230.0,9490.0,8667.07,8770.22,37180.012857,2018-03-10 23:59:59.999
206,2018-03-11 00:00:00.000,8770.22,9740.0,8450.0,9533.57,44325.973386,2018-03-11 23:59:59.999
207,2018-03-12 00:00:00.000,9533.57,9888.88,8780.0,9131.34,42230.77793,2018-03-12 23:59:59.999
208,2018-03-13 00:00:00.000,9131.34,9474.0,8823.0,9150.0,40191.409358,2018-03-13 23:59:59.999
209,2018-03-14 00:00:00.000,9151.92,9333.78,7900.28,8170.0,49708.094108,2018-03-14 23:59:59.999
210,2018-03-15 00:00:00.000,8184.01,8430.0,7650.0,8240.98,52291.022277,2018-03-15 23:59:59.999
211,2018-03-16 00:00:00.000,8240.98,8611.64,7900.0,8260.0,38815.409893,2018-03-16 23:59:59.999
212,2018-03-17 00:00:00.000,8260.0,8348.62,7721.99,7824.8,33110.206329,2018-03-17 23:59:59.999
213,2018-03-18 00:00:00.000,7824.01,8317.4,7322.0,8189.99,59488.231711,2018-03-18 23:59:59.999
214,2018-03-19 00:00:00.000,8189.0,8705.23,8088.4,8600.0,55297.084942,2018-03-19 23:59:59.999
215,2018-03-20 00:00:00.000,8595.01,9050.0,8280.0,8909.98,44865.105835,2018-03-20 23:59:59.999
216,2018-03-21 00:00:00.000,8909.96,9177.01,8750.6,8885.0,39972.405371,2018-03-21 23:59:59.999
217,2018-03-22 00:00:00.000,8884.82,9100.0,8465.1,8722.9,40617.556809,2018-03-22 23:59:59.999
218,2018-03-23 00:00:00.000,8720.0,8909.0,8269.0,8898.03,39991.007666,2018-03-23 23:59:59.999
219,2018-03-24 00:00:00.000,8898.04,8999.95,8491.0,8546.86,35466.609572,2018-03-24 23:59:59.999
220,2018-03-25 00:00:00.000,8531.25,8669.85,8365.77,8470.15,29001.769316,2018-03-25 23:59:59.999
221,2018-03-26 00:00:00.000,8470.14,8514.89,7831.0,8134.23,44033.59566,2018-03-26 23:59:59.999
222,2018-03-27 00:00:00.000,8134.22,8215.94,7730.0,7795.51,37427.64805,2018-03-27 23:59:59.999
223,2018-03-28 00:00:00.000,7795.51,8109.0,7728.0,7949.3,26401.33167,2018-03-28 23:59:59.999
224,2018-03-29 00:00:00.000,7949.3,7975.0,6941.11,7090.14,54620.915125,2018-03-29 23:59:59.999
225,2018-03-30 00:00:00.000,7090.16,7292.43,6600.1,6840.23,65306.031976,2018-03-30 23:59:59.999
226,2018-03-31 00:00:00.000,6840.24,7223.36,6777.0,6923.91,36868.539087,2018-03-31 23:59:59.999
227,2018-04-01 00:00:00.000,6922.0,7049.98,6430.0,6813.01,44071.430463,2018-04-01 23:59:59.999
228,2018-04-02 00:00:00.000,6813.01,7125.0,6765.0,7056.0,32123.560072,2018-04-02 23:59:59.999
229,2018-04-03 00:00:00.000,7063.97,7520.0,7011.01,7405.21,37787.331811,2018-04-03 23:59:59.999
230,2018-04-04 00:00:00.000,7405.21,7427.52,6707.0,6796.1,42227.183804,2018-04-04 23:59:59.999
231,2018-04-05 00:00:00.000,6796.1,6902.0,6566.69,6770.76,39029.73146,2018-04-05 23:59:59.999
232,2018-04-06 00:00:00.000,6770.0,6850.0,6500.0,6601.39,27455.01192,2018-04-06 23:59:59.999
233,2018-04-07 00:00:00.000,6601.39,7070.0,6586.28,6895.8,32269.578267,2018-04-07 23:59:59.999
234,2018-04-08 00:00:00.000,6895.81,7109.13,6880.0,7018.0,21427.673165,2018-04-08 23:59:59.999
235,2018-04-09 00:00:00.000,7011.04,7185.0,6611.0,6782.72,34078.297206,2018-04-09 23:59:59.999
236,2018-04-10 00:00:00.000,6781.55,6890.0,6656.0,6843.9,22326.728095,2018-04-10 23:59:59.999
237,2018-04-11 00:00:00.000,6839.56,6990.0,6787.0,6953.79,23997.871177,2018-04-11 23:59:59.999
238,2018-04-12 00:00:00.000,6953.78,8012.23,6743.2,7923.0,64861.595987,2018-04-12 23:59:59.999
239,2018-04-13 00:00:00.000,7922.99,8233.39,7732.0,7877.41,55044.523148,2018-04-13 23:59:59.999
240,2018-04-14 00:00:00.000,7877.48,8186.0,7810.0,7999.01,31621.286357,2018-04-14 23:59:59.999
241,2018-04-15 00:00:00.000,8004.0,8429.54,7999.02,8355.0,27946.720444,2018-04-15 23:59:59.999
242,2018-04-16 00:00:00.000,8355.07,8419.0,7867.0,8064.92,36664.069715,2018-04-16 23:59:59.999
243,2018-04-17 00:00:00.000,8064.92,8173.7,7825.4,7885.02,32152.603567,2018-04-17 23:59:59.999
244,2018-04-18 00:00:00.000,7890.96,8236.43,7868.0,8173.0,26969.04457,2018-04-18 23:59:59.999
245,2018-04-19 00:00:00.000,8173.99,8296.0,8080.0,8278.0,27113.847464,2018-04-19 23:59:59.999
246,2018-04-20 00:00:00.000,8273.84,8930.0,8177.09,8856.98,39795.337485,2018-04-20 23:59:59.999
247,2018-04-21 00:00:00.000,8852.12,9035.0,8565.0,8915.31,40872.229909,2018-04-21 23:59:59.999
248,2018-04-22 00:00:00.000,8915.31,9020.67,8727.68,8787.02,29458.25348,2018-04-22 23:59:59.999
249,2018-04-23 00:00:00.000,8785.7,8985.0,8745.0,8934.01,25838.114709,2018-04-23 23:59:59.999
250,2018-04-24 00:00:00.000,8934.0,9731.01,8922.0,9619.99,46268.790106,2018-04-24 23:59:59.999
251,2018-04-25 00:00:00.000,9618.96,9759.82,8730.0,8869.99,81110.037589,2018-04-25 23:59:59.999
252,2018-04-26 00:00:00.000,8869.99,9307.48,8651.62,9266.0,43300.304245,2018-04-26 23:59:59.999
253,2018-04-27 00:00:00.000,9267.03,9395.0,8889.0,8915.35,37241.347036,2018-04-27 23:59:59.999
254,2018-04-28 00:00:00.000,8915.35,9427.48,8870.0,9348.0,34759.62842,2018-04-28 23:59:59.999
255,2018-04-29 00:00:00.000,9348.0,9570.51,9163.74,9419.0,38149.850035,2018-04-29 23:59:59.999
256,2018-04-30 00:00:00.000,9417.04,9458.64,9124.99,9246.01,35002.033875,2018-04-30 23:59:59.999
257,2018-05-01 00:00:00.000,9246.01,9248.99,8800.49,9071.48,41018.463633,2018-05-01 23:59:59.999
258,2018-05-02 00:00:00.000,9071.48,9268.0,8970.2,9247.84,26123.543961,2018-05-02 23:59:59.999
259,2018-05-03 00:00:00.000,9247.81,9844.0,9168.4,9750.0,38768.388288,2018-05-03 23:59:59.999
260,2018-05-04 00:00:00.000,9750.0,9830.04,9520.85,9713.99,28681.588879,2018-05-04 23:59:59.999
261,2018-05-05 00:00:00.000,9714.0,10020.0,9682.0,9864.0,24990.018345,2018-05-05 23:59:59.999
262,2018-05-06 00:00:00.000,9863.99,9970.0,9417.03,9659.01,27690.351559,2018-05-06 23:59:59.999
263,2018-05-07 00:00:00.000,9661.02,9689.67,9181.0,9365.0,33787.640012,2018-05-07 23:59:59.999
264,2018-05-08 00:00:00.000,9365.0,9475.7,9060.54,9187.56,25533.831889,2018-05-08 23:59:59.999
265,2018-05-09 00:00:00.000,9178.0,9390.0,8965.0,9310.0,25673.524899,2018-05-09 23:59:59.999
266,2018-05-10 00:00:00.000,9310.0,9395.12,8970.0,9002.2,25055.063718,2018-05-10 23:59:59.999
267,2018-05-11 00:00:00.000,9002.21,9016.8,8341.0,8400.0,48227.048061,2018-05-11 23:59:59.999
268,2018-05-12 00:00:00.000,8405.94,8646.88,8153.0,8465.94,40241.32081,2018-05-12 23:59:59.999
269,2018-05-13 00:00:00.000,8475.44,8763.36,8298.0,8679.71,25632.869362,2018-05-13 23:59:59.999
270,2018-05-14 00:00:00.000,8679.71,8879.99,8277.0,8663.34,37389.666533,2018-05-14 23:59:59.999
271,2018-05-15 00:00:00.000,8663.37,8859.99,8401.3,8462.0,28126.956136,2018-05-15 23:59:59.999
272,2018-05-16 00:00:00.000,8462.0,8488.0,8083.01,8330.0,31130.718908,2018-05-16 23:59:59.999
273,2018-05-17 00:00:00.000,8330.0,8464.0,7979.0,8041.46,25439.844799,2018-05-17 23:59:59.999
274,2018-05-18 00:00:00.000,8038.82,8273.21,7911.9,8239.81,23476.158251,2018-05-18 23:59:59.999
275,2018-05-19 00:00:00.000,8238.01,8390.8,8095.73,8233.49,17193.424276,2018-05-19 23:59:59.999
276,2018-05-20 00:00:00.000,8233.49,8609.0,8163.9,8526.98,19957.057109,2018-05-20 23:59:59.999
277,2018-05-21 00:00:00.000,8526.97,8595.31,8305.0,8381.24,21516.596486,2018-05-21 23:59:59.999
278,2018-05-22 00:00:00.000,8386.89,8400.18,7935.11,7977.11,23710.902858,2018-05-22 23:59:59.999
279,2018-05-23 00:00:00.000,7977.12,8031.9,7425.0,7501.95,42910.666774,2018-05-23 23:59:59.999
280,2018-05-24 00:00:00.000,7501.95,7730.73,7266.99,7575.01,37845.446595,2018-05-24 23:59:59.999
281,2018-05-25 00:00:00.000,7578.99,7649.55,7308.15,7457.0,26739.95664,2018-05-25 23:59:59.999
282,2018-05-26 00:00:00.000,7456.99,7620.0,7300.0,7333.96,19464.086071,2018-05-26 23:59:59.999
283,2018-05-27 00:00:00.000,7334.0,7400.0,7231.11,7338.99,18706.945515,2018-05-27 23:59:59.999
284,2018-05-28 00:00:00.000,7338.99,7437.0,7058.02,7099.0,27219.438963,2018-05-28 23:59:59.999
285,2018-05-29 00:00:00.000,7099.0,7540.0,7032.95,7461.29,39407.21183,2018-05-29 23:59:59.999
286,2018-05-30 00:00:00.000,7467.98,7569.0,7260.5,7375.96,32041.583623,2018-05-30 23:59:59.999
287,2018-05-31 00:00:00.000,7382.07,7699.0,7327.51,7485.01,30776.063102,2018-05-31 23:59:59.999
288,2018-06-01 00:00:00.000,7485.01,7608.55,7355.54,7521.01,28259.124078,2018-06-01 23:59:59.999
289,2018-06-02 00:00:00.000,7521.01,7697.33,7437.0,7640.03,26720.690219,2018-06-02 23:59:59.999
290,2018-06-03 00:00:00.000,7636.81,7786.69,7600.0,7714.26,27505.158951,2018-06-03 23:59:59.999
291,2018-06-04 00:00:00.000,7714.26,7760.52,7446.5,7487.0,32258.835115,2018-06-04 23:59:59.999
292,2018-06-05 00:00:00.000,7487.0,7679.49,7358.0,7625.0,31722.973384,2018-06-05 23:59:59.999
293,2018-06-06 00:00:00.000,7626.64,7699.0,7467.05,7658.84,27229.991898,2018-06-06 23:59:59.999
294,2018-06-07 00:00:00.000,7658.79,7765.0,7620.0,7691.08,25062.227202,2018-06-07 23:59:59.999
295,2018-06-08 00:00:00.000,7691.08,7703.5,7531.0,7603.44,23396.804671,2018-06-08 23:59:59.999
296,2018-06-09 00:00:00.000,7603.44,7683.98,7450.0,7491.73,19339.885176,2018-06-09 23:59:59.999
297,2018-06-10 00:00:00.000,7491.73,7491.73,6622.81,6764.99,52342.020032,2018-06-10 23:59:59.999
298,2018-06-11 00:00:00.000,6765.0,6922.0,6610.0,6872.0,34552.162303,2018-06-11 23:59:59.999
299,2018-06-12 00:00:00.000,6872.0,6890.51,6435.0,6530.0,36722.211191,2018-06-12 23:59:59.999
300,2018-06-13 00:00:00.000,6530.0,6627.6,6118.68,6292.78,46185.5181,2018-06-13 23:59:59.999
301,2018-06-14 00:00:00.000,6292.78,6720.0,6260.0,6635.98,44478.130837,2018-06-14 23:59:59.999
302,2018-06-15 00:00:00.000,6638.67,6666.66,6362.31,6388.9,30018.329905,2018-06-15 23:59:59.999
303,2018-06-16 00:00:00.000,6380.01,6560.0,6320.86,6483.98,22277.241147,2018-06-16 23:59:59.999
304,2018-06-17 00:00:00.000,6482.5,6589.03,6422.0,6449.61,19847.247688,2018-06-17 23:59:59.999
305,2018-06-18 00:00:00.000,6444.06,6794.38,6380.0,6712.46,31821.434995,2018-06-18 23:59:59.999
306,2018-06-19 00:00:00.000,6711.39,6841.74,6653.0,6741.21,24311.421143,2018-06-19 23:59:59.999
307,2018-06-20 00:00:00.000,6740.0,6817.23,6551.81,6761.51,26359.752452,2018-06-20 23:59:59.999
308,2018-06-21 00:00:00.000,6763.21,6795.0,6672.57,6718.84,25428.854048,2018-06-21 23:59:59.999
309,2018-06-22 00:00:00.000,6717.69,6733.97,5918.94,6045.0,52157.370833,2018-06-22 23:59:59.999
310,2018-06-23 00:00:00.000,6045.92,6260.0,6008.48,6149.98,26622.788589,2018-06-23 23:59:59.999
311,2018-06-24 00:00:00.000,6149.98,6259.8,5750.0,6136.97,47445.998955,2018-06-24 23:59:59.999
312,2018-06-25 00:00:00.000,6137.95,6350.0,6061.97,6252.0,39164.515306,2018-06-25 23:59:59.999
313,2018-06-26 00:00:00.000,6252.0,6272.54,6035.0,6070.78,19377.240484,2018-06-26 23:59:59.999
314,2018-06-27 00:00:00.000,6065.89,6190.43,5971.0,6133.73,19225.671098,2018-06-27 23:59:59.999
315,2018-06-28 00:00:00.000,6134.73,6173.01,5827.0,5853.98,30585.266026,2018-06-28 23:59:59.999
316,2018-06-29 00:00:00.000,5851.01,6300.0,5780.0,6197.92,33911.287278,2018-06-29 23:59:59.999
317,2018-06-30 00:00:00.000,6197.92,6528.99,6186.03,6390.07,37919.61284,2018-06-30 23:59:59.999
318,2018-07-01 00:00:00.000,6391.08,6441.06,6251.0,6356.81,27562.965974,2018-07-01 23:59:59.999
319,2018-07-02 00:00:00.000,6360.82,6685.0,6271.62,6615.29,36230.452264,2018-07-02 23:59:59.999
320,2018-07-03 00:00:00.000,6615.29,6679.35,6463.01,6513.86,38657.781691,2018-07-03 23:59:59.999
321,2018-07-04 00:00:00.000,6511.01,6784.92,6441.11,6586.98,23571.892777,2018-07-04 23:59:59.999
322,2018-07-05 00:00:00.000,6585.53,6712.0,6453.33,6529.2,35071.972898,2018-07-05 23:59:59.999
323,2018-07-06 00:00:00.000,6529.2,6648.54,6425.0,6609.78,29397.094748,2018-07-06 23:59:59.999
324,2018-07-07 00:00:00.000,6609.79,6818.16,6508.88,6756.98,23973.876886,2018-07-07 23:59:59.999
325,2018-07-08 00:00:00.000,6753.48,6780.0,6667.44,6712.1,24622.947794,2018-07-08 23:59:59.999
326,2018-07-09 00:00:00.000,6712.1,6802.06,6612.24,6662.12,26732.40655,2018-07-09 23:59:59.999
327,2018-07-10 00:00:00.000,6662.78,6681.0,6263.0,6296.91,38560.672702,2018-07-10 23:59:59.999
328,2018-07-11 00:00:00.000,6296.91,6406.0,6278.99,6378.07,28715.498487,2018-07-11 23:59:59.999
329,2018-07-12 00:00:00.000,6378.07,6380.28,6070.0,6250.57,31306.663348,2018-07-12 23:59:59.999
330,2018-07-13 00:00:00.000,6251.4,6350.0,6110.0,6214.57,26375.325286,2018-07-13 23:59:59.999
331,2018-07-14 00:00:00.000,6214.57,6335.0,6178.0,6251.99,17783.071999,2018-07-14 23:59:59.999
332,2018-07-15 00:00:00.000,6250.9,6395.0,6225.4,6353.01,22979.211508,2018-07-15 23:59:59.999
333,2018-07-16 00:00:00.000,6354.15,6747.3,6330.4,6723.35,36204.87708,2018-07-16 23:59:59.999
334,2018-07-17 00:00:00.000,6723.33,7468.99,6652.04,7317.44,52105.423459,2018-07-17 23:59:59.999
335,2018-07-18 00:00:00.000,7317.44,7588.08,7225.38,7381.9,59487.64345,2018-07-18 23:59:59.999
336,2018-07-19 00:00:00.000,7381.88,7576.28,7270.0,7466.21,41218.256437,2018-07-19 23:59:59.999
337,2018-07-20 00:00:00.000,7468.86,7700.0,7273.0,7337.53,46140.313447,2018-07-20 23:59:59.999
338,2018-07-21 00:00:00.000,7337.47,7458.47,7211.0,7398.78,28886.490291,2018-07-21 23:59:59.999
339,2018-07-22 00:00:00.000,7399.25,7582.4,7335.5,7394.79,30270.21844,2018-07-22 23:59:59.999
340,2018-07-23 00:00:00.000,7394.78,7833.0,7375.0,7721.01,41646.346671,2018-07-23 23:59:59.999
341,2018-07-24 00:00:00.000,7721.65,8486.0,7696.0,8397.24,60121.163749,2018-07-24 23:59:59.999
342,2018-07-25 00:00:00.000,8397.24,8491.77,8050.0,8175.64,48257.649124,2018-07-25 23:59:59.999
343,2018-07-26 00:00:00.000,8175.63,8315.69,7850.06,7920.0,43223.481682,2018-07-26 23:59:59.999
344,2018-07-27 00:00:00.000,7920.0,8285.0,7805.0,8188.57,43671.005891,2018-07-27 23:59:59.999
345,2018-07-28 00:00:00.000,8188.57,8246.54,8067.0,8225.04,26215.173839,2018-07-28 23:59:59.999
346,2018-07-29 00:00:00.000,8225.04,8294.51,8115.0,8211.0,25531.226185,2018-07-29 23:59:59.999
347,2018-07-30 00:00:00.000,8210.99,8273.0,7866.0,8173.92,39692.416542,2018-07-30 23:59:59.999
348,2018-07-31 00:00:00.000,8171.4,8180.0,7633.0,7730.93,48296.915587,2018-07-31 23:59:59.999
349,2018-08-01 00:00:00.000,7735.67,7750.0,7430.0,7604.58,42582.312932,2018-08-01 23:59:59.999
350,2018-08-02 00:00:00.000,7600.08,7709.46,7455.72,7525.71,37665.696684,2018-08-02 23:59:59.999
351,2018-08-03 00:00:00.000,7525.71,7540.0,7282.44,7418.78,44669.486047,2018-08-03 23:59:59.999
352,2018-08-04 00:00:00.000,7412.27,7494.81,6926.0,7009.84,36288.42601,2018-08-04 23:59:59.999
353,2018-08-05 00:00:00.000,7009.84,7089.87,6882.29,7024.19,32894.849782,2018-08-05 23:59:59.999
354,2018-08-06 00:00:00.000,7024.19,7160.0,6821.0,6934.82,32760.191643,2018-08-06 23:59:59.999
355,2018-08-07 00:00:00.000,6935.0,7150.46,6670.0,6720.06,45438.473501,2018-08-07 23:59:59.999
356,2018-08-08 00:00:00.000,6720.63,6721.54,6123.0,6285.0,59550.536319,2018-08-08 23:59:59.999
357,2018-08-09 00:00:00.000,6283.27,6622.81,6178.6,6529.79,51941.185111,2018-08-09 23:59:59.999
358,2018-08-10 00:00:00.000,6529.79,6575.88,6026.39,6144.01,59034.974902,2018-08-10 23:59:59.999
359,2018-08-11 00:00:00.000,6148.13,6488.0,5971.0,6232.35,47133.418555,2018-08-11 23:59:59.999
360,2018-08-12 00:00:00.000,6222.55,6472.3,6130.0,6308.33,38567.770712,2018-08-12 23:59:59.999
361,2018-08-13 00:00:00.000,6308.56,6545.0,6145.04,6246.35,53895.828783,2018-08-13 23:59:59.999
362,2018-08-14 00:00:00.000,6248.25,6250.33,5880.0,6188.08,50186.745091,2018-08-14 23:59:59.999
363,2018-08-15 00:00:00.000,6188.08,6609.0,6172.11,6267.16,68806.687026,2018-08-15 23:59:59.999
364,2018-08-16 00:00:00.000,6265.27,6480.0,6205.6,6311.75,48515.254618,2018-08-16 23:59:59.999
365,2018-08-17 00:00:00.000,6316.0,6585.0,6285.4,6584.49,57851.610803,2018-08-17 23:59:59.999
366,2018-08-18 00:00:00.000,6579.04,6620.0,6288.0,6387.96,53742.322172,2018-08-18 23:59:59.999
367,2018-08-19 00:00:00.000,6387.96,6541.0,6300.0,6477.53,45190.847994,2018-08-19 23:59:59.999
368,2018-08-20 00:00:00.000,6477.53,6530.0,6220.0,6254.84,49435.55526,2018-08-20 23:59:59.999
369,2018-08-21 00:00:00.000,6251.0,6500.0,6235.08,6480.0,41569.947408,2018-08-21 23:59:59.999
370,2018-08-22 00:00:00.000,6479.98,6882.54,6251.2,6360.89,77909.391359,2018-08-22 23:59:59.999
371,2018-08-23 00:00:00.000,6362.57,6576.99,6342.28,6525.01,40358.166825,2018-08-23 23:59:59.999
372,2018-08-24 00:00:00.000,6525.0,6725.0,6440.5,6681.64,38305.675322,2018-08-24 23:59:59.999
373,2018-08-25 00:00:00.000,6686.98,6789.0,6650.61,6733.64,19220.505929,2018-08-25 23:59:59.999
374,2018-08-26 00:00:00.000,6733.64,6775.27,6568.0,6700.0,20107.297208,2018-08-26 23:59:59.999
375,2018-08-27 00:00:00.000,6700.0,6940.51,6646.5,6908.64,37747.078747,2018-08-27 23:59:59.999
376,2018-08-28 00:00:00.000,6907.26,7135.0,6860.0,7076.11,48352.917163,2018-08-28 23:59:59.999
377,2018-08-29 00:00:00.000,7077.0,7133.81,6912.34,7031.22,43252.487392,2018-08-29 23:59:59.999
378,2018-08-30 00:00:00.000,7033.21,7063.63,6784.81,6984.84,44716.77462,2018-08-30 23:59:59.999
379,2018-08-31 00:00:00.000,6984.84,7089.0,6888.0,7011.21,40467.400638,2018-08-31 23:59:59.999
380,2018-09-01 00:00:00.000,7011.21,7275.0,7008.74,7200.01,40323.414093,2018-09-01 23:59:59.999
381,2018-09-02 00:00:00.000,7201.57,7345.45,7127.0,7302.01,39814.840352,2018-09-02 23:59:59.999
382,2018-09-03 00:00:00.000,7302.0,7338.28,7191.63,7263.02,32396.018371,2018-09-03 23:59:59.999
383,2018-09-04 00:00:00.000,7263.0,7410.0,7227.17,7359.06,35300.640518,2018-09-04 23:59:59.999
384,2018-09-05 00:00:00.000,7359.05,7397.3,6682.0,6700.0,63715.256267,2018-09-05 23:59:59.999
385,2018-09-06 00:00:00.000,6697.27,6725.0,6265.0,6516.01,60644.464227,2018-09-06 23:59:59.999
386,2018-09-07 00:00:00.000,6516.84,6544.0,6320.0,6395.54,38906.28805,2018-09-07 23:59:59.999
387,2018-09-08 00:00:00.000,6395.54,6478.0,6111.0,6185.05,38215.032171,2018-09-08 23:59:59.999
388,2018-09-09 00:00:00.000,6185.06,6441.0,6141.53,6250.81,37053.92382,2018-09-09 23:59:59.999
389,2018-09-10 00:00:00.000,6252.26,6373.98,6221.0,6312.0,32439.456432,2018-09-10 23:59:59.999
390,2018-09-11 00:00:00.000,6311.99,6404.0,6169.68,6294.91,33104.88859,2018-09-11 23:59:59.999
391,2018-09-12 00:00:00.000,6293.0,6360.0,6192.37,6338.62,31433.645939,2018-09-12 23:59:59.999
392,2018-09-13 00:00:00.000,6338.62,6535.0,6337.4,6487.38,40465.063107,2018-09-13 23:59:59.999
393,2018-09-14 00:00:00.000,6487.39,6584.99,6385.62,6476.63,37173.339277,2018-09-14 23:59:59.999
394,2018-09-15 00:00:00.000,6476.63,6565.45,6466.13,6514.96,25243.656612,2018-09-15 23:59:59.999
395,2018-09-16 00:00:00.000,6514.96,6524.62,6370.0,6505.0,27568.132897,2018-09-16 23:59:59.999
396,2018-09-17 00:00:00.000,6500.08,6533.84,6201.0,6248.69,35987.254738,2018-09-17 23:59:59.999
397,2018-09-18 00:00:00.000,6248.69,6390.0,6224.98,6336.45,32620.86667,2018-09-18 23:59:59.999
398,2018-09-19 00:00:00.000,6336.39,6517.7,6123.0,6391.89,39044.080082,2018-09-19 23:59:59.999
399,2018-09-20 00:00:00.000,6392.0,6540.0,6325.0,6492.0,25189.024728,2018-09-20 23:59:59.999
400,2018-09-21 00:00:00.000,6492.0,6784.86,6491.0,6759.02,51779.343463,2018-09-21 23:59:59.999
401,2018-09-22 00:00:00.000,6759.01,6839.03,6627.0,6723.05,29349.690667,2018-09-22 23:59:59.999
402,2018-09-23 00:00:00.000,6723.05,6788.23,6661.75,6708.0,30286.229773,2018-09-23 23:59:59.999
403,2018-09-24 00:00:00.000,6706.81,6730.0,6557.0,6581.39,35305.73991,2018-09-24 23:59:59.999
404,2018-09-25 00:00:00.000,6581.42,6584.01,6325.02,6447.54,40301.029452,2018-09-25 23:59:59.999
405,2018-09-26 00:00:00.000,6445.11,6557.99,6379.7,6465.12,33484.54207,2018-09-26 23:59:59.999
406,2018-09-27 00:00:00.000,6467.84,6750.0,6434.0,6689.13,33087.428297,2018-09-27 23:59:59.999
407,2018-09-28 00:00:00.000,6689.12,6814.8,6540.88,6634.58,42399.448523,2018-09-28 23:59:59.999
408,2018-09-29 00:00:00.000,6634.58,6636.0,6464.57,6596.38,30255.9597,2018-09-29 23:59:59.999
409,2018-09-30 00:00:00.000,6597.66,6662.0,6533.0,6626.57,27764.724519,2018-09-30 23:59:59.999
410,2018-10-01 00:00:00.000,6626.57,6667.09,6510.0,6611.61,20621.506894,2018-10-01 23:59:59.999
411,2018-10-02 00:00:00.000,6610.0,6640.0,6494.0,6525.79,28245.810088,2018-10-02 23:59:59.999
412,2018-10-03 00:00:00.000,6525.79,6549.0,6430.0,6510.0,28451.969138,2018-10-03 23:59:59.999
413,2018-10-04 00:00:00.000,6510.01,6643.46,6505.09,6593.79,20074.300818,2018-10-04 23:59:59.999
414,2018-10-05 00:00:00.000,6591.69,6697.0,6543.08,6635.65,16096.552392,2018-10-05 23:59:59.999
415,2018-10-06 00:00:00.000,6635.65,6651.0,6566.77,6594.27,10939.505391,2018-10-06 23:59:59.999
416,2018-10-07 00:00:00.000,6596.44,6640.0,6525.0,6615.26,17406.831762,2018-10-07 23:59:59.999
417,2018-10-08 00:00:00.000,6615.26,6715.6,6587.0,6673.01,23123.419541,2018-10-08 23:59:59.999
418,2018-10-09 00:00:00.000,6673.01,6685.38,6607.0,6656.61,15354.779469,2018-10-09 23:59:59.999
419,2018-10-10 00:00:00.000,6656.67,6659.95,6530.0,6631.0,15390.661444,2018-10-10 23:59:59.999
420,2018-10-11 00:00:00.000,6630.21,6633.92,6205.0,6252.68,48712.400332,2018-10-11 23:59:59.999
421,2018-10-12 00:00:00.000,6252.71,6360.0,6209.0,6298.01,29004.071419,2018-10-12 23:59:59.999
422,2018-10-13 00:00:00.000,6298.0,6345.0,6285.07,6332.93,19098.070025,2018-10-13 23:59:59.999
423,2018-10-14 00:00:00.000,6332.92,6416.0,6308.0,6339.34,15627.411314,2018-10-14 23:59:59.999
424,2018-10-15 00:00:00.000,6339.34,7680.0,6300.0,6752.5,90748.031246,2018-10-15 23:59:59.999
425,2018-10-16 00:00:00.000,6752.5,6900.0,6670.0,6759.27,27557.957764,2018-10-16 23:59:59.999
426,2018-10-17 00:00:00.000,6762.76,6811.12,6676.01,6740.89,26641.431379,2018-10-17 23:59:59.999
427,2018-10-18 00:00:00.000,6739.01,6796.0,6567.0,6618.96,20116.521941,2018-10-18 23:59:59.999
428,2018-10-19 00:00:00.000,6618.96,6648.14,6523.0,6528.88,20772.60077,2018-10-19 23:59:59.999
429,2018-10-20 00:00:00.000,6528.88,6617.65,6505.55,6588.4,19240.722247,2018-10-20 23:59:59.999
430,2018-10-21 00:00:00.000,6585.72,6663.9,6580.0,6590.11,6515.357792,2018-10-21 23:59:59.999
431,2018-10-22 00:00:00.000,6590.12,6639.0,6535.27,6581.2,16213.69266,2018-10-22 23:59:59.999
432,2018-10-23 00:00:00.000,6581.2,6595.0,6515.45,6553.51,13856.601756,2018-10-23 23:59:59.999
433,2018-10-24 00:00:00.000,6553.51,6630.0,6547.53,6565.5,11951.543977,2018-10-24 23:59:59.999
434,2018-10-25 00:00:00.000,6566.81,6575.09,6502.8,6528.09,10342.701244,2018-10-25 23:59:59.999
435,2018-10-26 00:00:00.000,6528.13,6600.0,6515.01,6538.63,9443.504156,2018-10-26 23:59:59.999
436,2018-10-27 00:00:00.000,6538.63,6558.35,6463.04,6505.6,7776.907864,2018-10-27 23:59:59.999
437,2018-10-28 00:00:00.000,6505.6,6514.17,6453.0,6489.93,5743.933728,2018-10-28 23:59:59.999
438,2018-10-29 00:00:00.000,6489.93,6505.01,6315.0,6344.5,13827.224067,2018-10-29 23:59:59.999
439,2018-10-30 00:00:00.000,6344.5,6395.0,6317.01,6330.87,8877.175385,2018-10-30 23:59:59.999
440,2018-10-31 00:00:00.000,6330.01,6428.0,6245.02,6371.93,12148.888216,2018-10-31 23:59:59.999
441,2018-11-01 00:00:00.000,6369.52,6442.65,6348.66,6410.0,9099.035841,2018-11-01 23:59:59.999
442,2018-11-02 00:00:00.000,6410.0,6460.34,6388.2,6433.98,9739.440679,2018-11-02 23:59:59.999
443,2018-11-03 00:00:00.000,6432.8,6439.97,6345.0,6387.09,7661.241476,2018-11-03 23:59:59.999
444,2018-11-04 00:00:00.000,6388.0,6525.0,6359.0,6485.85,10592.394943,2018-11-04 23:59:59.999
445,2018-11-05 00:00:00.000,6485.85,6504.39,6431.02,6468.99,8987.882156,2018-11-05 23:59:59.999
446,2018-11-06 00:00:00.000,6468.99,6531.31,6445.18,6519.11,11926.565699,2018-11-06 23:59:59.999
447,2018-11-07 00:00:00.000,6522.73,6615.15,6509.0,6578.46,14271.591117,2018-11-07 23:59:59.999
448,2018-11-08 00:00:00.000,6578.46,6594.0,6468.22,6479.84,13259.789282,2018-11-08 23:59:59.999
449,2018-11-09 00:00:00.000,6479.84,6511.53,6391.01,6419.99,11787.616583,2018-11-09 23:59:59.999
450,2018-11-10 00:00:00.000,6419.99,6475.55,6411.0,6433.05,7714.829926,2018-11-10 23:59:59.999
451,2018-11-11 00:00:00.000,6435.16,6462.14,6355.0,6449.81,8213.507117,2018-11-11 23:59:59.999
452,2018-11-12 00:00:00.000,6450.71,6497.0,6421.0,6453.07,10132.782567,2018-11-12 23:59:59.999
453,2018-11-13 00:00:00.000,6451.68,6498.0,6391.15,6457.66,11790.564933,2018-11-13 23:59:59.999
454,2018-11-14 00:00:00.000,6458.98,6482.84,5656.87,5922.41,46478.964003,2018-11-14 23:59:59.999
455,2018-11-15 00:00:00.000,5917.2,5939.54,5403.42,5753.4,47700.829401,2018-11-15 23:59:59.999
456,2018-11-16 00:00:00.000,5757.09,5782.89,5549.25,5655.94,38721.802274,2018-11-16 23:59:59.999
457,2018-11-17 00:00:00.000,5650.57,5656.6,5565.43,5628.29,26411.241413,2018-11-17 23:59:59.999
458,2018-11-18 00:00:00.000,5630.49,5738.17,5617.0,5662.0,23844.999347,2018-11-18 23:59:59.999
459,2018-11-19 00:00:00.000,5661.94,5664.0,4855.0,4910.03,70580.892856,2018-11-19 23:59:59.999
460,2018-11-20 00:00:00.000,4913.4,5048.24,4326.0,4558.86,117380.95159,2018-11-20 23:59:59.999
461,2018-11-21 00:00:00.000,4559.91,4787.2,4413.85,4661.07,61071.829475,2018-11-21 23:59:59.999
462,2018-11-22 00:00:00.000,4661.08,4721.77,4335.0,4370.0,34531.119143,2018-11-22 23:59:59.999
463,2018-11-23 00:00:00.000,4370.9,4484.0,4222.94,4420.61,49371.920322,2018-11-23 23:59:59.999
464,2018-11-24 00:00:00.000,4415.63,4527.0,3824.69,3932.44,61693.111006,2018-11-24 23:59:59.999
465,2018-11-25 00:00:00.000,3933.68,4233.0,3652.66,4085.78,101693.975588,2018-11-25 23:59:59.999
466,2018-11-26 00:00:00.000,4088.69,4206.0,3701.0,3862.2,94503.750767,2018-11-26 23:59:59.999
467,2018-11-27 00:00:00.000,3864.45,3940.0,3689.12,3875.21,67480.607212,2018-11-27 23:59:59.999
468,2018-11-28 00:00:00.000,3875.63,4394.47,3874.27,4264.85,91983.567949,2018-11-28 23:59:59.999
469,2018-11-29 00:00:00.000,4262.06,4450.38,4125.65,4295.84,73980.198669,2018-11-29 23:59:59.999
470,2018-11-30 00:00:00.000,4295.72,4341.36,3943.0,4041.32,67758.446283,2018-11-30 23:59:59.999
471,2018-12-01 00:00:00.000,4041.27,4299.99,3963.01,4190.02,44840.073481,2018-12-01 23:59:59.999
472,2018-12-02 00:00:00.000,4190.98,4312.99,4103.04,4161.01,38912.15479,2018-12-02 23:59:59.999
473,2018-12-03 00:00:00.000,4160.55,4179.0,3827.0,3884.01,49094.369163,2018-12-03 23:59:59.999
474,2018-12-04 00:00:00.000,3884.76,4085.0,3781.0,3951.64,48489.551613,2018-12-04 23:59:59.999
475,2018-12-05 00:00:00.000,3950.98,3970.0,3745.0,3769.84,44004.799448,2018-12-05 23:59:59.999
476,2018-12-06 00:00:00.000,3768.44,3899.99,3500.0,3508.75,68378.796943,2018-12-06 23:59:59.999
477,2018-12-07 00:00:00.000,3508.75,3549.99,3224.6,3403.55,95145.457442,2018-12-07 23:59:59.999
478,2018-12-08 00:00:00.000,3403.57,3495.0,3222.0,3410.93,55365.949949,2018-12-08 23:59:59.999
479,2018-12-09 00:00:00.000,3411.36,3658.0,3394.04,3545.37,45956.893296,2018-12-09 23:59:59.999
480,2018-12-10 00:00:00.000,3548.49,3610.0,3370.11,3432.88,40989.244553,2018-12-10 23:59:59.999
481,2018-12-11 00:00:00.000,3434.01,3480.0,3324.32,3380.39,35920.864154,2018-12-11 23:59:59.999
482,2018-12-12 00:00:00.000,3379.23,3492.0,3350.0,3445.0,33922.931286,2018-12-12 23:59:59.999
483,2018-12-13 00:00:00.000,3446.38,3460.0,3255.5,3302.06,40040.917013,2018-12-13 23:59:59.999
484,2018-12-14 00:00:00.000,3302.06,3335.39,3177.0,3224.17,44492.983807,2018-12-14 23:59:59.999
485,2018-12-15 00:00:00.000,3225.19,3276.5,3156.26,3211.72,29796.041436,2018-12-15 23:59:59.999
486,2018-12-16 00:00:00.000,3211.71,3294.0,3186.0,3228.67,24628.808538,2018-12-16 23:59:59.999
487,2018-12-17 00:00:00.000,3229.22,3585.0,3216.0,3509.08,66761.751697,2018-12-17 23:59:59.999
488,2018-12-18 00:00:00.000,3509.03,3678.59,3424.47,3652.98,61369.615257,2018-12-18 23:59:59.999
489,2018-12-19 00:00:00.000,3653.0,3912.73,3622.55,3662.22,94137.341014,2018-12-19 23:59:59.999
490,2018-12-20 00:00:00.000,3660.01,4120.0,3635.0,4049.62,101543.835986,2018-12-20 23:59:59.999
491,2018-12-21 00:00:00.000,4051.86,4139.99,3764.0,3838.66,82343.850112,2018-12-21 23:59:59.999
492,2018-12-22 00:00:00.000,3840.25,3979.0,3785.0,3948.91,42822.350872,2018-12-22 23:59:59.999
493,2018-12-23 00:00:00.000,3948.91,4021.53,3870.0,3929.71,40117.531529,2018-12-23 23:59:59.999
494,2018-12-24 00:00:00.000,3929.71,4198.0,3924.83,4008.01,64647.809129,2018-12-24 23:59:59.999
495,2018-12-25 00:00:00.000,4010.11,4020.0,3646.41,3745.79,62725.629432,2018-12-25 23:59:59.999
496,2018-12-26 00:00:00.000,3745.56,3837.15,3656.74,3777.74,42629.375817,2018-12-26 23:59:59.999
497,2018-12-27 00:00:00.000,3777.74,3813.98,3535.0,3567.91,44097.392912,2018-12-27 23:59:59.999
498,2018-12-28 00:00:00.000,3567.89,3887.25,3540.04,3839.26,45964.304987,2018-12-28 23:59:59.999
499,2018-12-29 00:00:00.000,3839.0,3892.0,3670.0,3695.32,38874.373903,2018-12-29 23:59:59.999
500,2018-12-30 00:00:00.000,3696.71,3903.5,3657.9,3801.91,33222.369262,2018-12-30 23:59:59.999
501,2018-12-31 00:00:00.000,3803.12,3810.0,3630.33,3702.9,29991.77835,2018-12-31 23:59:59.999
502,2019-01-01 00:00:00.000,3701.23,3810.16,3642.0,3797.14,23741.687033,2019-01-01 23:59:59.999
503,2019-01-02 00:00:00.000,3796.45,3882.14,3750.45,3858.56,35156.463369,2019-01-02 23:59:59.999
504,2019-01-03 00:00:00.000,3857.57,3862.74,3730.0,3766.78,29406.948359,2019-01-03 23:59:59.999
505,2019-01-04 00:00:00.000,3767.2,3823.64,3703.57,3792.01,29519.554671,2019-01-04 23:59:59.999
506,2019-01-05 00:00:00.000,3790.09,3840.99,3751.0,3770.96,30490.667751,2019-01-05 23:59:59.999
507,2019-01-06 00:00:00.000,3771.12,4027.71,3740.0,3987.6,36553.806709,2019-01-06 23:59:59.999
508,2019-01-07 00:00:00.000,3987.62,4017.9,3921.53,3975.45,31869.846264,2019-01-07 23:59:59.999
509,2019-01-08 00:00:00.000,3976.76,4069.8,3903.0,3955.13,38901.423122,2019-01-08 23:59:59.999
510,2019-01-09 00:00:00.000,3955.45,4006.81,3930.04,3966.65,28989.439511,2019-01-09 23:59:59.999
511,2019-01-10 00:00:00.000,3966.06,3996.01,3540.0,3585.88,59402.22851,2019-01-10 23:59:59.999
512,2019-01-11 00:00:00.000,3585.88,3658.0,3465.0,3601.31,38338.654733,2019-01-11 23:59:59.999
513,2019-01-12 00:00:00.000,3601.31,3618.19,3530.0,3583.13,21999.928354,2019-01-12 23:59:59.999
514,2019-01-13 00:00:00.000,3584.1,3611.1,3441.3,3476.81,26385.757454,2019-01-13 23:59:59.999
515,2019-01-14 00:00:00.000,3477.56,3671.87,3467.02,3626.09,35235.211215,2019-01-14 23:59:59.999
516,2019-01-15 00:00:00.000,3626.08,3648.42,3516.62,3553.06,34137.997459,2019-01-15 23:59:59.999
517,2019-01-16 00:00:00.000,3553.06,3645.0,3543.51,3591.84,27480.179977,2019-01-16 23:59:59.999
518,2019-01-17 00:00:00.000,3591.84,3634.7,3530.39,3616.21,29755.440838,2019-01-17 23:59:59.999
519,2019-01-18 00:00:00.000,3613.32,3620.0,3565.75,3594.87,22713.446755,2019-01-18 23:59:59.999
520,2019-01-19 00:00:00.000,3594.87,3720.0,3594.23,3665.3,22171.578123,2019-01-19 23:59:59.999
521,2019-01-20 00:00:00.000,3665.75,3693.73,3475.0,3539.28,27901.938598,2019-01-20 23:59:59.999
522,2019-01-21 00:00:00.000,3539.26,3559.51,3475.5,3526.9,19644.436839,2019-01-21 23:59:59.999
523,2019-01-22 00:00:00.000,3526.88,3608.5,3434.85,3570.93,29336.442967,2019-01-22 23:59:59.999
524,2019-01-23 00:00:00.000,3570.41,3607.98,3514.5,3552.82,24938.842698,2019-01-23 23:59:59.999
525,2019-01-24 00:00:00.000,3552.97,3589.0,3529.22,3569.62,20826.25118,2019-01-24 23:59:59.999
526,2019-01-25 00:00:00.000,3569.07,3587.15,3522.51,3565.29,17608.346671,2019-01-25 23:59:59.999
527,2019-01-26 00:00:00.000,3566.69,3662.94,3545.0,3565.25,19476.532344,2019-01-26 23:59:59.999
528,2019-01-27 00:00:00.000,3565.62,3579.0,3486.0,3550.84,22735.598162,2019-01-27 23:59:59.999
529,2019-01-28 00:00:00.000,3550.05,3557.75,3380.27,3434.15,40405.111401,2019-01-28 23:59:59.999
530,2019-01-29 00:00:00.000,3434.0,3443.45,3349.92,3411.04,29544.928977,2019-01-29 23:59:59.999
531,2019-01-30 00:00:00.000,3410.04,3478.0,3387.1,3458.18,23968.260243,2019-01-30 23:59:59.999
532,2019-01-31 00:00:00.000,3457.5,3489.2,3418.8,3434.1,29607.190253,2019-01-31 23:59:59.999
533,2019-02-01 00:00:00.000,3434.1,3488.0,3401.2,3462.07,25260.476159,2019-02-01 23:59:59.999
534,2019-02-02 00:00:00.000,3462.2,3526.4,3440.29,3504.77,17920.802,2019-02-02 23:59:59.999
535,2019-02-03 00:00:00.000,3504.06,3511.09,3426.0,3458.11,19867.33639,2019-02-03 23:59:59.999
536,2019-02-04 00:00:00.000,3458.11,3484.88,3433.31,3463.22,23131.981108,2019-02-04 23:59:59.999
537,2019-02-05 00:00:00.000,3463.22,3478.97,3448.43,3471.59,25264.41503,2019-02-05 23:59:59.999
538,2019-02-06 00:00:00.000,3471.57,3482.72,3380.0,3405.37,35310.244846,2019-02-06 23:59:59.999
539,2019-02-07 00:00:00.000,3407.0,3426.45,3390.0,3398.4,18665.538638,2019-02-07 23:59:59.999
540,2019-02-08 00:00:00.000,3398.4,3733.58,3373.1,3659.04,47968.058013,2019-02-08 23:59:59.999
541,2019-02-09 00:00:00.000,3660.27,3680.02,3625.13,3665.18,24759.833719,2019-02-09 23:59:59.999
542,2019-02-10 00:00:00.000,3665.18,3684.99,3609.76,3680.06,23250.602634,2019-02-10 23:59:59.999
543,2019-02-11 00:00:00.000,3679.75,3684.9,3615.53,3631.05,24954.614571,2019-02-11 23:59:59.999
544,2019-02-12 00:00:00.000,3631.05,3667.6,3582.34,3631.46,29479.59823,2019-02-12 23:59:59.999
545,2019-02-13 00:00:00.000,3631.51,3670.0,3591.75,3609.4,25773.997648,2019-02-13 23:59:59.999
546,2019-02-14 00:00:00.000,3608.34,3626.4,3568.11,3590.56,21753.501261,2019-02-14 23:59:59.999
547,2019-02-15 00:00:00.000,3590.57,3653.23,3573.45,3602.47,20777.872899,2019-02-15 23:59:59.999
548,2019-02-16 00:00:00.000,3602.49,3648.2,3597.91,3618.41,19565.992751,2019-02-16 23:59:59.999
549,2019-02-17 00:00:00.000,3617.22,3700.11,3604.4,3667.58,25690.227779,2019-02-17 23:59:59.999
550,2019-02-18 00:00:00.000,3667.62,3925.0,3655.0,3898.6,64042.730492,2019-02-18 23:59:59.999
551,2019-02-19 00:00:00.000,3897.35,3994.52,3856.0,3907.79,50207.172667,2019-02-19 23:59:59.999
552,2019-02-20 00:00:00.000,3907.35,3986.98,3870.66,3969.74,36205.14085,2019-02-20 23:59:59.999
553,2019-02-21 00:00:00.000,3969.74,4016.48,3901.03,3937.31,31103.884728,2019-02-21 23:59:59.999
554,2019-02-22 00:00:00.000,3937.31,3988.0,3926.65,3962.0,23943.16375,2019-02-22 23:59:59.999
555,2019-02-23 00:00:00.000,3962.0,4162.02,3933.15,4117.76,33657.942883,2019-02-23 23:59:59.999
556,2019-02-24 00:00:00.000,4118.0,4198.0,3712.66,3743.56,62224.18689,2019-02-24 23:59:59.999
557,2019-02-25 00:00:00.000,3743.56,3872.66,3740.0,3827.92,38102.966245,2019-02-25 23:59:59.999
558,2019-02-26 00:00:00.000,3828.44,3841.51,3777.0,3809.23,28838.748036,2019-02-26 23:59:59.999
559,2019-02-27 00:00:00.000,3809.31,3838.85,3677.17,3818.07,31500.995466,2019-02-27 23:59:59.999
560,2019-02-28 00:00:00.000,3818.04,3888.0,3763.87,3813.69,32561.961044,2019-02-28 23:59:59.999
561,2019-03-01 00:00:00.000,3814.26,3857.0,3813.01,3823.0,23174.57217,2019-03-01 23:59:59.999
562,2019-03-02 00:00:00.000,3822.17,3841.31,3772.25,3819.93,19445.838355,2019-03-02 23:59:59.999
563,2019-03-03 00:00:00.000,3819.97,3835.0,3781.32,3807.75,16718.16541,2019-03-03 23:59:59.999
564,2019-03-04 00:00:00.000,3807.32,3830.0,3670.69,3715.3,34742.84166,2019-03-04 23:59:59.999
565,2019-03-05 00:00:00.000,3716.1,3877.1,3703.55,3857.73,32962.536162,2019-03-05 23:59:59.999
566,2019-03-06 00:00:00.000,3857.58,3907.0,3813.09,3861.84,24775.11883,2019-03-06 23:59:59.999
567,2019-03-07 00:00:00.000,3861.84,3905.4,3840.4,3873.64,26455.257661,2019-03-07 23:59:59.999
568,2019-03-08 00:00:00.000,3873.63,3932.0,3800.0,3864.89,34730.366592,2019-03-08 23:59:59.999
569,2019-03-09 00:00:00.000,3864.88,3971.75,3854.75,3943.04,30979.747653,2019-03-09 23:59:59.999
570,2019-03-10 00:00:00.000,3943.43,3943.43,3881.69,3916.82,23187.561412,2019-03-10 23:59:59.999
571,2019-03-11 00:00:00.000,3915.99,3936.98,3830.0,3871.61,38066.885705,2019-03-11 23:59:59.999
572,2019-03-12 00:00:00.000,3871.61,3905.2,3826.06,3882.73,26921.008622,2019-03-12 23:59:59.999
573,2019-03-13 00:00:00.000,3882.69,3893.56,3840.0,3866.0,24461.008757,2019-03-13 23:59:59.999
574,2019-03-14 00:00:00.000,3866.0,3920.0,3810.43,3877.12,27048.74853,2019-03-14 23:59:59.999
575,2019-03-15 00:00:00.000,3877.12,3939.22,3872.2,3923.76,21740.061498,2019-03-15 23:59:59.999
576,2019-03-16 00:00:00.000,3924.46,4056.98,3921.98,4005.98,28568.376124,2019-03-16 23:59:59.999
577,2019-03-17 00:00:00.000,4005.98,4012.0,3950.01,3981.14,18814.255577,2019-03-17 23:59:59.999
578,2019-03-18 00:00:00.000,3981.85,4037.0,3953.33,3987.81,22454.47801,2019-03-18 23:59:59.999
579,2019-03-19 00:00:00.000,3987.83,4031.0,3970.0,4015.53,19893.741815,2019-03-19 23:59:59.999
580,2019-03-20 00:00:00.000,4017.48,4050.0,3980.5,4043.04,23432.300255,2019-03-20 23:59:59.999
581,2019-03-21 00:00:00.000,4043.04,4069.32,3880.01,3980.64,35997.682119,2019-03-21 23:59:59.999
582,2019-03-22 00:00:00.000,3980.85,4008.0,3968.25,3986.93,20022.606318,2019-03-22 23:59:59.999
583,2019-03-23 00:00:00.000,3987.89,4018.83,3978.01,4006.01,17302.604318,2019-03-23 23:59:59.999
584,2019-03-24 00:00:00.000,4006.01,4006.02,3950.0,3992.18,17179.850648,2019-03-24 23:59:59.999
585,2019-03-25 00:00:00.000,3991.35,3999.3,3888.71,3936.12,33192.890217,2019-03-25 23:59:59.999
586,2019-03-26 00:00:00.000,3935.47,3958.98,3894.0,3948.55,29349.537627,2019-03-26 23:59:59.999
587,2019-03-27 00:00:00.000,3948.77,4048.0,3936.15,4038.05,32364.555852,2019-03-27 23:59:59.999
588,2019-03-28 00:00:00.000,4039.58,4039.7,4002.0,4027.81,20089.293875,2019-03-28 23:59:59.999
589,2019-03-29 00:00:00.000,4028.22,4123.71,4024.03,4103.25,30084.217444,2019-03-29 23:59:59.999
590,2019-03-30 00:00:00.000,4104.24,4140.0,4052.0,4106.97,19509.292601,2019-03-30 23:59:59.999
591,2019-03-31 00:00:00.000,4106.99,4116.12,4082.57,4103.95,13525.087433,2019-03-31 23:59:59.999
592,2019-04-01 00:00:00.000,4102.44,4158.7,4067.0,4144.56,25507.067641,2019-04-01 23:59:59.999
593,2019-04-02 00:00:00.000,4144.54,4897.99,4140.54,4857.29,105383.639263,2019-04-02 23:59:59.999
594,2019-04-03 00:00:00.000,4857.19,5275.01,4753.5,4932.6,109890.125743,2019-04-03 23:59:59.999
595,2019-04-04 00:00:00.000,4932.59,5039.08,4777.0,4898.66,61054.254168,2019-04-04 23:59:59.999
596,2019-04-05 00:00:00.000,4898.64,5028.22,4880.62,5004.95,39768.552806,2019-04-05 23:59:59.999
597,2019-04-06 00:00:00.000,5004.96,5205.0,4928.59,5043.89,41770.842313,2019-04-06 23:59:59.999
598,2019-04-07 00:00:00.000,5042.07,5234.0,5026.0,5170.27,37615.486804,2019-04-07 23:59:59.999
599,2019-04-08 00:00:00.000,5170.27,5305.0,5039.0,5236.9,50178.430782,2019-04-08 23:59:59.999
600,2019-04-09 00:00:00.000,5238.38,5238.4,5076.68,5150.0,34067.012311,2019-04-09 23:59:59.999
601,2019-04-10 00:00:00.000,5150.0,5422.0,5135.0,5308.25,40073.620471,2019-04-10 23:59:59.999
602,2019-04-11 00:00:00.000,5307.86,5332.67,4927.0,5017.37,54696.600686,2019-04-11 23:59:59.999
603,2019-04-12 00:00:00.000,5017.37,5080.58,4861.22,5048.01,33276.678614,2019-04-12 23:59:59.999
604,2019-04-13 00:00:00.000,5047.0,5099.0,5004.0,5045.22,17292.456802,2019-04-13 23:59:59.999
605,2019-04-14 00:00:00.000,5047.45,5152.99,5000.0,5131.3,18281.607739,2019-04-14 23:59:59.999
606,2019-04-15 00:00:00.000,5131.28,5167.38,4950.0,5024.95,29057.191581,2019-04-15 23:59:59.999
607,2019-04-16 00:00:00.000,5024.95,5197.72,5003.94,5173.72,24242.229493,2019-04-16 23:59:59.999
608,2019-04-17 00:00:00.000,5173.72,5230.4,5146.8,5202.82,23307.536134,2019-04-17 23:59:59.999
609,2019-04-18 00:00:00.000,5202.41,5287.0,5198.8,5258.44,22619.239001,2019-04-18 23:59:59.999
610,2019-04-19 00:00:00.000,5258.44,5320.0,5175.0,5258.68,24611.236323,2019-04-19 23:59:59.999
611,2019-04-20 00:00:00.000,5258.68,5333.42,5230.1,5291.73,19168.908274,2019-04-20 23:59:59.999
612,2019-04-21 00:00:00.000,5292.91,5314.35,5165.0,5256.14,25549.570939,2019-04-21 23:59:59.999
613,2019-04-22 00:00:00.000,5257.41,5400.0,5208.35,5357.14,29563.852309,2019-04-22 23:59:59.999
614,2019-04-23 00:00:00.000,5357.14,5600.0,5332.41,5493.31,41262.103917,2019-04-23 23:59:59.999
615,2019-04-24 00:00:00.000,5490.91,5582.2,5333.35,5415.0,48224.152413,2019-04-24 23:59:59.999
616,2019-04-25 00:00:00.000,5415.0,5491.84,5102.0,5219.9,49636.089948,2019-04-25 23:59:59.999
617,2019-04-26 00:00:00.000,5220.47,5510.0,5161.62,5314.1,48912.294513,2019-04-26 23:59:59.999
618,2019-04-27 00:00:00.000,5315.0,5342.5,5257.67,5295.69,15422.896935,2019-04-27 23:59:59.999
619,2019-04-28 00:00:00.000,5295.69,5340.0,5259.48,5307.52,14371.433869,2019-04-28 23:59:59.999
620,2019-04-29 00:00:00.000,5309.81,5332.0,5178.8,5238.14,19918.135079,2019-04-29 23:59:59.999
621,2019-04-30 00:00:00.000,5238.14,5339.98,5192.15,5320.81,22238.06823,2019-04-30 23:59:59.999
622,2019-05-01 00:00:00.000,5321.94,5402.0,5316.2,5383.2,17217.473216,2019-05-01 23:59:59.999
623,2019-05-02 00:00:00.000,5383.2,5538.0,5370.0,5492.87,22795.787835,2019-05-02 23:59:59.999
624,2019-05-03 00:00:00.000,5494.81,5844.0,5477.57,5772.69,46297.172849,2019-05-03 23:59:59.999
625,2019-05-04 00:00:00.000,5770.62,5900.0,5587.45,5829.45,39682.408991,2019-05-04 23:59:59.999
626,2019-05-05 00:00:00.000,5829.83,5839.9,5696.0,5775.62,23822.543775,2019-05-05 23:59:59.999
627,2019-05-06 00:00:00.000,5773.18,5805.0,5619.14,5747.79,25256.596325,2019-05-06 23:59:59.999
628,2019-05-07 00:00:00.000,5749.92,6028.41,5747.74,5846.34,39905.064422,2019-05-07 23:59:59.999
629,2019-05-08 00:00:00.000,5846.34,6014.72,5772.2,5987.29,23074.05152,2019-05-08 23:59:59.999
630,2019-05-09 00:00:00.000,5986.66,6224.55,5983.71,6209.18,27453.011436,2019-05-09 23:59:59.999
631,2019-05-10 00:00:00.000,6209.95,6468.92,6172.0,6373.33,36623.61079,2019-05-10 23:59:59.999
632,2019-05-11 00:00:00.000,6375.16,7343.99,6372.85,7076.22,74022.424393,2019-05-11 23:59:59.999
633,2019-05-12 00:00:00.000,7076.24,7521.78,6750.0,6967.31,86948.975339,2019-05-12 23:59:59.999
634,2019-05-13 00:00:00.000,6968.24,8100.0,6870.0,7790.71,85804.735333,2019-05-13 23:59:59.999
635,2019-05-14 00:00:00.000,7795.62,8366.0,7599.56,7947.56,76583.722603,2019-05-14 23:59:59.999
636,2019-05-15 00:00:00.000,7945.26,8249.0,7850.0,8169.87,37884.327211,2019-05-15 23:59:59.999
637,2019-05-16 00:00:00.000,8169.08,8320.0,7705.0,7866.59,69630.513996,2019-05-16 23:59:59.999
638,2019-05-17 00:00:00.000,7868.67,7925.0,6913.0,7355.26,88752.008159,2019-05-17 23:59:59.999
639,2019-05-18 00:00:00.000,7355.28,7458.0,7156.61,7257.45,37054.944779,2019-05-18 23:59:59.999
640,2019-05-19 00:00:00.000,7257.32,8275.09,7243.08,8148.48,65577.442058,2019-05-19 23:59:59.999
641,2019-05-20 00:00:00.000,8147.94,8156.03,7553.0,7938.15,65859.208564,2019-05-20 23:59:59.999
642,2019-05-21 00:00:00.000,7937.16,8042.32,7771.0,7904.87,52301.752247,2019-05-21 23:59:59.999
643,2019-05-22 00:00:00.000,7904.48,8016.0,7465.0,7628.43,49136.994589,2019-05-22 23:59:59.999
644,2019-05-23 00:00:00.000,7627.8,7940.98,7461.0,7851.51,49648.184701,2019-05-23 23:59:59.999
645,2019-05-24 00:00:00.000,7849.95,8130.0,7766.0,7964.87,46664.785325,2019-05-24 23:59:59.999
646,2019-05-25 00:00:00.000,7964.52,8091.8,7908.34,8025.41,28414.328817,2019-05-25 23:59:59.999
647,2019-05-26 00:00:00.000,8023.0,8740.0,7833.42,8614.43,49652.144567,2019-05-26 23:59:59.999
648,2019-05-27 00:00:00.000,8612.54,8908.32,8589.0,8756.32,51886.768793,2019-05-27 23:59:59.999
649,2019-05-28 00:00:00.000,8752.52,8798.49,8510.63,8715.64,31470.551534,2019-05-28 23:59:59.999
650,2019-05-29 00:00:00.000,8716.87,8750.0,8406.6,8645.68,33880.865922,2019-05-29 23:59:59.999
651,2019-05-30 00:00:00.000,8646.5,9074.26,8005.0,8269.54,70379.998521,2019-05-30 23:59:59.999
652,2019-05-31 00:00:00.000,8267.1,8594.0,8108.5,8555.0,44727.49162,2019-05-31 23:59:59.999
653,2019-06-01 00:00:00.000,8555.0,8626.0,8442.36,8544.07,31868.234157,2019-06-01 23:59:59.999
654,2019-06-02 00:00:00.000,8545.1,8814.78,8524.0,8725.98,27835.133265,2019-06-02 23:59:59.999
655,2019-06-03 00:00:00.000,8726.0,8800.95,8080.8,8115.82,45692.965104,2019-06-03 23:59:59.999
656,2019-06-04 00:00:00.000,8115.66,8115.66,7481.02,7687.03,74143.948941,2019-06-04 23:59:59.999
657,2019-06-05 00:00:00.000,7687.04,7896.7,7572.78,7776.5,48679.656455,2019-06-05 23:59:59.999
658,2019-06-06 00:00:00.000,7778.08,7868.13,7444.58,7786.7,36624.118747,2019-06-06 23:59:59.999
659,2019-06-07 00:00:00.000,7787.57,8100.0,7737.49,7980.53,33942.225658,2019-06-07 23:59:59.999
660,2019-06-08 00:00:00.000,7978.94,8044.65,7751.0,7893.62,22657.329634,2019-06-08 23:59:59.999
661,2019-06-09 00:00:00.000,7895.28,7935.0,7506.66,7628.13,31568.465157,2019-06-09 23:59:59.999
662,2019-06-10 00:00:00.000,7627.57,8020.0,7511.0,7982.75,36756.078468,2019-06-10 23:59:59.999
663,2019-06-11 00:00:00.000,7981.0,8010.0,7692.23,7884.9,30334.999427,2019-06-11 23:59:59.999
664,2019-06-12 00:00:00.000,7884.9,8200.0,7788.99,8127.64,41597.082622,2019-06-12 23:59:59.999
665,2019-06-13 00:00:00.000,8127.64,8309.82,8010.03,8218.54,30467.764341,2019-06-13 23:59:59.999
666,2019-06-14 00:00:00.000,8216.44,8684.41,8144.32,8650.0,39835.246255,2019-06-14 23:59:59.999
667,2019-06-15 00:00:00.000,8650.88,8864.99,8567.63,8808.7,31791.636039,2019-06-15 23:59:59.999
668,2019-06-16 00:00:00.000,8810.77,9333.0,8760.0,8953.33,63289.251219,2019-06-16 23:59:59.999
669,2019-06-17 00:00:00.000,8953.0,9444.0,8950.0,9313.96,47895.485374,2019-06-17 23:59:59.999
670,2019-06-18 00:00:00.000,9312.13,9336.36,8950.0,9081.55,51554.569401,2019-06-18 23:59:59.999
671,2019-06-19 00:00:00.000,9081.97,9304.0,8960.0,9255.49,32147.706495,2019-06-19 23:59:59.999
672,2019-06-20 00:00:00.000,9253.76,9590.0,9175.2,9517.12,34556.053982,2019-06-20 23:59:59.999
673,2019-06-21 00:00:00.000,9518.06,10174.99,9518.06,10159.86,50484.415892,2019-06-21 23:59:59.999
674,2019-06-22 00:00:00.000,10159.86,11160.0,9921.72,10729.5,104169.447976,2019-06-22 23:59:59.999
675,2019-06-23 00:00:00.000,10729.0,11392.64,10555.18,10906.07,57445.323945,2019-06-23 23:59:59.999
676,2019-06-24 00:00:00.000,10905.95,11143.63,10620.8,11056.59,43101.045285,2019-06-24 23:59:59.999
677,2019-06-25 00:00:00.000,11056.59,11850.0,11026.0,11820.86,61276.686648,2019-06-25 23:59:59.999
678,2019-06-26 00:00:00.000,11821.28,13970.0,11741.0,13093.8,155930.147386,2019-06-26 23:59:59.999
679,2019-06-27 00:00:00.000,13098.38,13478.04,10525.1,11329.99,173894.820889,2019-06-27 23:59:59.999
680,2019-06-28 00:00:00.000,11329.99,12480.0,10982.88,12400.63,95795.203964,2019-06-28 23:59:59.999
681,2019-06-29 00:00:00.000,12407.06,12441.54,11475.02,11903.13,69642.074157,2019-06-29 23:59:59.999
682,2019-06-30 00:00:00.000,11903.13,12180.0,10766.03,10854.1,84512.530443,2019-06-30 23:59:59.999
683,2019-07-01 00:00:00.000,10854.1,11282.28,10030.0,10624.93,90962.268271,2019-07-01 23:59:59.999
684,2019-07-02 00:00:00.000,10624.9,10938.75,9727.0,10842.85,109561.038728,2019-07-02 23:59:59.999
685,2019-07-03 00:00:00.000,10844.98,11991.89,10841.04,11940.0,96815.90029,2019-07-03 23:59:59.999
686,2019-07-04 00:00:00.000,11940.0,12000.0,11055.0,11145.67,66512.221892,2019-07-04 23:59:59.999
687,2019-07-05 00:00:00.000,11145.67,11406.83,10796.44,10970.73,63534.350582,2019-07-05 23:59:59.999
688,2019-07-06 00:00:00.000,10982.41,11665.0,10964.51,11256.49,51469.496331,2019-07-06 23:59:59.999
689,2019-07-07 00:00:00.000,11256.45,11538.0,11094.37,11406.24,38884.795599,2019-07-07 23:59:59.999
690,2019-07-08 00:00:00.000,11410.0,12338.03,11220.0,12238.6,52182.367215,2019-07-08 23:59:59.999
691,2019-07-09 00:00:00.000,12238.6,12794.73,12068.0,12543.41,78442.130343,2019-07-09 23:59:59.999
692,2019-07-10 00:00:00.000,12548.51,13147.08,11569.0,12108.37,109246.044997,2019-07-10 23:59:59.999
693,2019-07-11 00:00:00.000,12108.11,12111.73,11000.0,11342.89,87506.461058,2019-07-11 23:59:59.999
694,2019-07-12 00:00:00.000,11342.88,11885.0,11073.0,11757.22,56321.858281,2019-07-12 23:59:59.999
695,2019-07-13 00:00:00.000,11757.22,11799.98,10830.0,11355.76,54245.594548,2019-07-13 23:59:59.999
696,2019-07-14 00:00:00.000,11355.78,11452.0,10103.0,10174.18,72517.579236,2019-07-14 23:59:59.999
697,2019-07-15 00:00:00.000,10174.18,11100.0,9860.0,10838.72,81922.426332,2019-07-15 23:59:59.999
698,2019-07-16 00:00:00.000,10833.78,11028.0,9350.01,9439.59,97219.443413,2019-07-16 23:59:59.999
699,2019-07-17 00:00:00.000,9430.17,9957.0,9060.0,9667.92,84942.672717,2019-07-17 23:59:59.999
700,2019-07-18 00:00:00.000,9668.86,10788.0,9252.0,10627.16,80283.310252,2019-07-18 23:59:59.999
701,2019-07-19 00:00:00.000,10628.64,10769.71,10121.84,10504.29,56546.932133,2019-07-19 23:59:59.999
702,2019-07-20 00:00:00.000,10505.78,11068.99,10350.0,10740.23,47331.899848,2019-07-20 23:59:59.999
703,2019-07-21 00:00:00.000,10740.27,10817.9,10288.0,10589.45,38834.287935,2019-07-21 23:59:59.999
704,2019-07-22 00:00:00.000,10590.15,10683.16,10100.0,10340.31,40467.954839,2019-07-22 23:59:59.999
705,2019-07-23 00:00:00.000,10343.08,10343.97,9822.0,9864.91,47624.37071,2019-07-23 23:59:59.999
706,2019-07-24 00:00:00.000,9864.78,9937.0,9525.0,9763.28,43475.380377,2019-07-24 23:59:59.999
707,2019-07-25 00:00:00.000,9763.4,10175.0,9720.03,9879.87,37873.354728,2019-07-25 23:59:59.999
708,2019-07-26 00:00:00.000,9882.15,9889.98,9637.0,9824.0,27167.463217,2019-07-26 23:59:59.999
709,2019-07-27 00:00:00.000,9824.0,10188.66,9333.0,9476.52,43809.778301,2019-07-27 23:59:59.999
710,2019-07-28 00:00:00.000,9478.92,9594.99,9165.0,9541.54,29401.022937,2019-07-28 23:59:59.999
711,2019-07-29 00:00:00.000,9541.54,9729.0,9395.0,9507.64,29021.937411,2019-07-29 23:59:59.999
712,2019-07-30 00:00:00.000,9509.07,9714.28,9402.0,9623.87,27265.849387,2019-07-30 23:59:59.999
